grid_id,cell_code,observation_date,observation_period,latitude,longitude,nighttime_radiance_mean,nighttime_radiance_median,nighttime_radiance_max,nighttime_radiance_min,nighttime_radiance_std,units,valid_pixel_count,native_spatial_resolution,spatial_resolution,source_dataset,source_product,provenance_type
1,CHE_G001,2021-04-01,2021-04-01/2021-04-30,12.925,80.175,17.634,16.76,30.92,7.84,5.2637,nW/cm2/sr,144,15 arc-seconds (~500m),0.05 deg analytical grid,VIIRS DNB Monthly Cloud-Free Composite v10_ops (NOAA/EOG/World Bank),DNB_npp_20210401-20210430_global_ecm-slcorr_v10_ops,CALCULATED
2,CHE_G002,2021-04-01,2021-04-01/2021-04-30,12.925,80.225,20.8773,20.44,43.69,8.65,8.0174,nW/cm2/sr,144,15 arc-seconds (~500m),0.05 deg analytical grid,VIIRS DNB Monthly Cloud-Free Composite v10_ops (NOAA/EOG/World Bank),DNB_npp_20210401-20210430_global_ecm-slcorr_v10_ops,CALCULATED
3,CHE_G003,2021-04-01,2021-04-01/2021-04-30,12.925,80.275,6.3122,3.275,24.53,1.66,6.1799,nW/cm2/sr,144,15 arc-seconds (~500m),0.05 deg analytical grid,VIIRS DNB Monthly Cloud-Free Composite v10_ops (NOAA/EOG/World Bank),DNB_npp_20210401-20210430_global_ecm-slcorr_v10_ops,CALCULATED
4,CHE_G004,2021-04-01,2021-04-01/2021-04-30,12.925,80.325,1.2993,1.23,2.14,0.88,0.2654,nW/cm2/sr,144,15 arc-seconds (~500m),0.05 deg analytical grid,VIIRS DNB Monthly Cloud-Free Composite v10_ops (NOAA/EOG/World Bank),DNB_npp_20210401-20210430_global_ecm-slcorr_v10_ops,CALCULATED
5,CHE_G005,2021-04-01,2021-04-01/2021-04-30,12.975,80.175,27.726,24.12,104.8,11.35,14.9133,nW/cm2/sr,144,15 arc-seconds (~500m),0.05 deg analytical grid,VIIRS DNB Monthly Cloud-Free Composite v10_ops (NOAA/EOG/World Bank),DNB_npp_20210401-20210430_global_ecm-slcorr_v10_ops,CALCULATED
6,CHE_G006,2021-04-01,2021-04-01/2021-04-30,12.975,80.225,23.98,24.245,52.92,8.8,7.9218,nW/cm2/sr,144,15 arc-seconds (~500m),0.05 deg analytical grid,VIIRS DNB Monthly Cloud-Free Composite v10_ops (NOAA/EOG/World Bank),DNB_npp_20210401-20210430_global_ecm-slcorr_v10_ops,CALCULATED
7,CHE_G007,2021-04-01,2021-04-01/2021-04-30,12.975,80.275,12.5318,5.605,40.88,2.24,10.6505,nW/cm2/sr,144,15 arc-seconds (~500m),0.05 deg analytical grid,VIIRS DNB Monthly Cloud-Free Composite v10_ops (NOAA/EOG/World Bank),DNB_npp_20210401-20210430_global_ecm-slcorr_v10_ops,CALCULATED
8,CHE_G008,2021-04-01,2021-04-01/2021-04-30,12.975,80.325,1.6401,1.58,2.6,1.11,0.372,nW/cm2/sr,144,15 arc-seconds (~500m),0.05 deg analytical grid,VIIRS DNB Monthly Cloud-Free Composite v10_ops (NOAA/EOG/World Bank),DNB_npp_20210401-20210430_global_ecm-slcorr_v10_ops,CALCULATED
9,CHE_G009,2021-04-01,2021-04-01/2021-04-30,13.025,80.175,27.0956,27.06,47.41,11.9,6.0782,nW/cm2/sr,144,15 arc-seconds (~500m),0.05 deg analytical grid,VIIRS DNB Monthly Cloud-Free Composite v10_ops (NOAA/EOG/World Bank),DNB_npp_20210401-20210430_global_ecm-slcorr_v10_ops,CALCULATED
10,CHE_G010,2021-04-01,2021-04-01/2021-04-30,13.025,80.225,28.0773,28.135,45.28,10.2,6.0449,nW/cm2/sr,144,15 arc-seconds (~500m),0.05 deg analytical grid,VIIRS DNB Monthly Cloud-Free Composite v10_ops (NOAA/EOG/World Bank),DNB_npp_20210401-20210430_global_ecm-slcorr_v10_ops,CALCULATED
11,CHE_G011,2021-04-01,2021-04-01/2021-04-30,13.025,80.275,17.6183,18.845,55.39,2.8,10.636,nW/cm2/sr,144,15 arc-seconds (~500m),0.05 deg analytical grid,VIIRS DNB Monthly Cloud-Free Composite v10_ops (NOAA/EOG/World Bank),DNB_npp_20210401-20210430_global_ecm-slcorr_v10_ops,CALCULATED
12,CHE_G012,2021-04-01,2021-04-01/2021-04-30,13.025,80.325,2.4169,2.215,5.35,1.21,0.8306,nW/cm2/sr,144,15 arc-seconds (~500m),0.05 deg analytical grid,VIIRS DNB Monthly Cloud-Free Composite v10_ops (NOAA/EOG/World Bank),DNB_npp_20210401-20210430_global_ecm-slcorr_v10_ops,CALCULATED
13,CHE_G013,2021-04-01,2021-04-01/2021-04-30,13.075,80.175,29.9208,28.875,71.75,16.94,8.0389,nW/cm2/sr,144,15 arc-seconds (~500m),0.05 deg analytical grid,VIIRS DNB Monthly Cloud-Free Composite v10_ops (NOAA/EOG/World Bank),DNB_npp_20210401-20210430_global_ecm-slcorr_v10_ops,CALCULATED
14,CHE_G014,2021-04-01,2021-04-01/2021-04-30,13.075,80.225,29.55,28.055,62.35,20.25,7.0742,nW/cm2/sr,144,15 arc-seconds (~500m),0.05 deg analytical grid,VIIRS DNB Monthly Cloud-Free Composite v10_ops (NOAA/EOG/World Bank),DNB_npp_20210401-20210430_global_ecm-slcorr_v10_ops,CALCULATED
15,CHE_G015,2021-04-01,2021-04-01/2021-04-30,13.075,80.275,31.7681,31.955,60.96,6.62,8.4096,nW/cm2/sr,144,15 arc-seconds (~500m),0.05 deg analytical grid,VIIRS DNB Monthly Cloud-Free Composite v10_ops (NOAA/EOG/World Bank),DNB_npp_20210401-20210430_global_ecm-slcorr_v10_ops,CALCULATED
16,CHE_G016,2021-04-01,2021-04-01/2021-04-30,13.075,80.325,6.4981,3.82,50.58,1.92,8.4105,nW/cm2/sr,144,15 arc-seconds (~500m),0.05 deg analytical grid,VIIRS DNB Monthly Cloud-Free Composite v10_ops (NOAA/EOG/World Bank),DNB_npp_20210401-20210430_global_ecm-slcorr_v10_ops,CALCULATED
1,CHE_G001,2022-04-01,2022-04-01/2022-04-30,12.925,80.175,19.7502,19.885,36.93,8.29,4.9364,nW/cm2/sr,144,15 arc-seconds (~500m),0.05 deg analytical grid,VIIRS DNB Monthly Cloud-Free Composite v10_ops (NOAA/EOG/World Bank),DNB_npp_20220401-20220430_global_ecm-slcorr_v10_ops,CALCULATED
2,CHE_G002,2022-04-01,2022-04-01/2022-04-30,12.925,80.225,23.6797,23.39,48.38,9.07,8.5501,nW/cm2/sr,144,15 arc-seconds (~500m),0.05 deg analytical grid,VIIRS DNB Monthly Cloud-Free Composite v10_ops (NOAA/EOG/World Bank),DNB_npp_20220401-20220430_global_ecm-slcorr_v10_ops,CALCULATED
3,CHE_G003,2022-04-01,2022-04-01/2022-04-30,12.925,80.275,7.6389,3.98,27.42,2.13,7.1101,nW/cm2/sr,144,15 arc-seconds (~500m),0.05 deg analytical grid,VIIRS DNB Monthly Cloud-Free Composite v10_ops (NOAA/EOG/World Bank),DNB_npp_20220401-20220430_global_ecm-slcorr_v10_ops,CALCULATED
4,CHE_G004,2022-04-01,2022-04-01/2022-04-30,12.925,80.325,1.6828,1.62,2.62,1.16,0.3399,nW/cm2/sr,144,15 arc-seconds (~500m),0.05 deg analytical grid,VIIRS DNB Monthly Cloud-Free Composite v10_ops (NOAA/EOG/World Bank),DNB_npp_20220401-20220430_global_ecm-slcorr_v10_ops,CALCULATED
5,CHE_G005,2022-04-01,2022-04-01/2022-04-30,12.975,80.175,30.2965,28.1,96.08,13.77,13.1573,nW/cm2/sr,144,15 arc-seconds (~500m),0.05 deg analytical grid,VIIRS DNB Monthly Cloud-Free Composite v10_ops (NOAA/EOG/World Bank),DNB_npp_20220401-20220430_global_ecm-slcorr_v10_ops,CALCULATED
6,CHE_G006,2022-04-01,2022-04-01/2022-04-30,12.975,80.225,26.2096,26.695,53.72,10.97,7.8585,nW/cm2/sr,144,15 arc-seconds (~500m),0.05 deg analytical grid,VIIRS DNB Monthly Cloud-Free Composite v10_ops (NOAA/EOG/World Bank),DNB_npp_20220401-20220430_global_ecm-slcorr_v10_ops,CALCULATED
7,CHE_G007,2022-04-01,2022-04-01/2022-04-30,12.975,80.275,16.0392,8.01,68.01,2.89,14.7128,nW/cm2/sr,144,15 arc-seconds (~500m),0.05 deg analytical grid,VIIRS DNB Monthly Cloud-Free Composite v10_ops (NOAA/EOG/World Bank),DNB_npp_20220401-20220430_global_ecm-slcorr_v10_ops,CALCULATED
8,CHE_G008,2022-04-01,2022-04-01/2022-04-30,12.975,80.325,2.1372,2.055,3.34,1.44,0.47,nW/cm2/sr,144,15 arc-seconds (~500m),0.05 deg analytical grid,VIIRS DNB Monthly Cloud-Free Composite v10_ops (NOAA/EOG/World Bank),DNB_npp_20220401-20220430_global_ecm-slcorr_v10_ops,CALCULATED
9,CHE_G009,2022-04-01,2022-04-01/2022-04-30,13.025,80.175,35.5339,31.74,89.75,17.0,12.7315,nW/cm2/sr,144,15 arc-seconds (~500m),0.05 deg analytical grid,VIIRS DNB Monthly Cloud-Free Composite v10_ops (NOAA/EOG/World Bank),DNB_npp_20220401-20220430_global_ecm-slcorr_v10_ops,CALCULATED
10,CHE_G010,2022-04-01,2022-04-01/2022-04-30,13.025,80.225,33.1776,31.49,62.42,15.45,8.4038,nW/cm2/sr,144,15 arc-seconds (~500m),0.05 deg analytical grid,VIIRS DNB Monthly Cloud-Free Composite v10_ops (NOAA/EOG/World Bank),DNB_npp_20220401-20220430_global_ecm-slcorr_v10_ops,CALCULATED
11,CHE_G011,2022-04-01,2022-04-01/2022-04-30,13.025,80.275,20.2429,23.115,54.01,3.48,11.5644,nW/cm2/sr,144,15 arc-seconds (~500m),0.05 deg analytical grid,VIIRS DNB Monthly Cloud-Free Composite v10_ops (NOAA/EOG/World Bank),DNB_npp_20220401-20220430_global_ecm-slcorr_v10_ops,CALCULATED
12,CHE_G012,2022-04-01,2022-04-01/2022-04-30,13.025,80.325,2.984,2.745,6.16,1.74,0.9661,nW/cm2/sr,144,15 arc-seconds (~500m),0.05 deg analytical grid,VIIRS DNB Monthly Cloud-Free Composite v10_ops (NOAA/EOG/World Bank),DNB_npp_20220401-20220430_global_ecm-slcorr_v10_ops,CALCULATED
13,CHE_G013,2022-04-01,2022-04-01/2022-04-30,13.075,80.175,34.5814,32.9,77.33,17.91,9.0028,nW/cm2/sr,144,15 arc-seconds (~500m),0.05 deg analytical grid,VIIRS DNB Monthly Cloud-Free Composite v10_ops (NOAA/EOG/World Bank),DNB_npp_20220401-20220430_global_ecm-slcorr_v10_ops,CALCULATED
14,CHE_G014,2022-04-01,2022-04-01/2022-04-30,13.075,80.225,32.4815,30.865,67.18,21.21,8.7587,nW/cm2/sr,144,15 arc-seconds (~500m),0.05 deg analytical grid,VIIRS DNB Monthly Cloud-Free Composite v10_ops (NOAA/EOG/World Bank),DNB_npp_20220401-20220430_global_ecm-slcorr_v10_ops,CALCULATED
15,CHE_G015,2022-04-01,2022-04-01/2022-04-30,13.075,80.275,36.5539,36.7,63.58,7.82,9.5865,nW/cm2/sr,144,15 arc-seconds (~500m),0.05 deg analytical grid,VIIRS DNB Monthly Cloud-Free Composite v10_ops (NOAA/EOG/World Bank),DNB_npp_20220401-20220430_global_ecm-slcorr_v10_ops,CALCULATED
16,CHE_G016,2022-04-01,2022-04-01/2022-04-30,13.075,80.325,6.8094,4.305,45.93,2.28,7.9455,nW/cm2/sr,144,15 arc-seconds (~500m),0.05 deg analytical grid,VIIRS DNB Monthly Cloud-Free Composite v10_ops (NOAA/EOG/World Bank),DNB_npp_20220401-20220430_global_ecm-slcorr_v10_ops,CALCULATED
1,CHE_G001,2023-04-01,2023-04-01/2023-04-30,12.925,80.175,21.9044,21.81,36.92,9.2,5.2345,nW/cm2/sr,144,15 arc-seconds (~500m),0.05 deg analytical grid,VIIRS DNB Monthly Cloud-Free Composite v10_ops (NOAA/EOG/World Bank),DNB_npp_20230401-20230430_global_ecm-slcorr_v10_ops,CALCULATED
2,CHE_G002,2023-04-01,2023-04-01/2023-04-30,12.925,80.225,29.2153,26.42,64.17,11.53,11.9138,nW/cm2/sr,144,15 arc-seconds (~500m),0.05 deg analytical grid,VIIRS DNB Monthly Cloud-Free Composite v10_ops (NOAA/EOG/World Bank),DNB_npp_20230401-20230430_global_ecm-slcorr_v10_ops,CALCULATED
3,CHE_G003,2023-04-01,2023-04-01/2023-04-30,12.925,80.275,8.0196,4.115,32.33,2.13,7.8394,nW/cm2/sr,144,15 arc-seconds (~500m),0.05 deg analytical grid,VIIRS DNB Monthly Cloud-Free Composite v10_ops (NOAA/EOG/World Bank),DNB_npp_20230401-20230430_global_ecm-slcorr_v10_ops,CALCULATED
4,CHE_G004,2023-04-01,2023-04-01/2023-04-30,12.925,80.325,1.6018,1.51,2.55,1.11,0.3536,nW/cm2/sr,144,15 arc-seconds (~500m),0.05 deg analytical grid,VIIRS DNB Monthly Cloud-Free Composite v10_ops (NOAA/EOG/World Bank),DNB_npp_20230401-20230430_global_ecm-slcorr_v10_ops,CALCULATED
5,CHE_G005,2023-04-01,2023-04-01/2023-04-30,12.975,80.175,30.6399,28.695,108.97,13.21,13.7618,nW/cm2/sr,144,15 arc-seconds (~500m),0.05 deg analytical grid,VIIRS DNB Monthly Cloud-Free Composite v10_ops (NOAA/EOG/World Bank),DNB_npp_20230401-20230430_global_ecm-slcorr_v10_ops,CALCULATED
6,CHE_G006,2023-04-01,2023-04-01/2023-04-30,12.975,80.225,29.3421,29.055,104.33,10.47,11.8372,nW/cm2/sr,144,15 arc-seconds (~500m),0.05 deg analytical grid,VIIRS DNB Monthly Cloud-Free Composite v10_ops (NOAA/EOG/World Bank),DNB_npp_20230401-20230430_global_ecm-slcorr_v10_ops,CALCULATED
7,CHE_G007,2023-04-01,2023-04-01/2023-04-30,12.975,80.275,15.7419,7.4,64.29,2.88,14.1306,nW/cm2/sr,144,15 arc-seconds (~500m),0.05 deg analytical grid,VIIRS DNB Monthly Cloud-Free Composite v10_ops (NOAA/EOG/World Bank),DNB_npp_20230401-20230430_global_ecm-slcorr_v10_ops,CALCULATED
8,CHE_G008,2023-04-01,2023-04-01/2023-04-30,12.975,80.325,2.0302,1.925,3.34,1.31,0.468,nW/cm2/sr,144,15 arc-seconds (~500m),0.05 deg analytical grid,VIIRS DNB Monthly Cloud-Free Composite v10_ops (NOAA/EOG/World Bank),DNB_npp_20230401-20230430_global_ecm-slcorr_v10_ops,CALCULATED
9,CHE_G009,2023-04-01,2023-04-01/2023-04-30,13.025,80.175,38.6087,36.32,103.45,16.0,13.7327,nW/cm2/sr,144,15 arc-seconds (~500m),0.05 deg analytical grid,VIIRS DNB Monthly Cloud-Free Composite v10_ops (NOAA/EOG/World Bank),DNB_npp_20230401-20230430_global_ecm-slcorr_v10_ops,CALCULATED
10,CHE_G010,2023-04-01,2023-04-01/2023-04-30,13.025,80.225,35.3385,34.735,65.17,13.73,9.0605,nW/cm2/sr,144,15 arc-seconds (~500m),0.05 deg analytical grid,VIIRS DNB Monthly Cloud-Free Composite v10_ops (NOAA/EOG/World Bank),DNB_npp_20230401-20230430_global_ecm-slcorr_v10_ops,CALCULATED
11,CHE_G011,2023-04-01,2023-04-01/2023-04-30,13.025,80.275,22.4742,24.615,70.81,3.69,13.6755,nW/cm2/sr,144,15 arc-seconds (~500m),0.05 deg analytical grid,VIIRS DNB Monthly Cloud-Free Composite v10_ops (NOAA/EOG/World Bank),DNB_npp_20230401-20230430_global_ecm-slcorr_v10_ops,CALCULATED
12,CHE_G012,2023-04-01,2023-04-01/2023-04-30,13.025,80.325,2.9588,2.69,6.31,1.49,1.0422,nW/cm2/sr,144,15 arc-seconds (~500m),0.05 deg analytical grid,VIIRS DNB Monthly Cloud-Free Composite v10_ops (NOAA/EOG/World Bank),DNB_npp_20230401-20230430_global_ecm-slcorr_v10_ops,CALCULATED
13,CHE_G013,2023-04-01,2023-04-01/2023-04-30,13.075,80.175,36.5959,34.78,68.55,20.65,8.3719,nW/cm2/sr,144,15 arc-seconds (~500m),0.05 deg analytical grid,VIIRS DNB Monthly Cloud-Free Composite v10_ops (NOAA/EOG/World Bank),DNB_npp_20230401-20230430_global_ecm-slcorr_v10_ops,CALCULATED
14,CHE_G014,2023-04-01,2023-04-01/2023-04-30,13.075,80.225,33.3219,32.265,69.08,22.73,7.6315,nW/cm2/sr,144,15 arc-seconds (~500m),0.05 deg analytical grid,VIIRS DNB Monthly Cloud-Free Composite v10_ops (NOAA/EOG/World Bank),DNB_npp_20230401-20230430_global_ecm-slcorr_v10_ops,CALCULATED
15,CHE_G015,2023-04-01,2023-04-01/2023-04-30,13.075,80.275,39.0609,39.895,65.27,7.92,10.3686,nW/cm2/sr,144,15 arc-seconds (~500m),0.05 deg analytical grid,VIIRS DNB Monthly Cloud-Free Composite v10_ops (NOAA/EOG/World Bank),DNB_npp_20230401-20230430_global_ecm-slcorr_v10_ops,CALCULATED
16,CHE_G016,2023-04-01,2023-04-01/2023-04-30,13.075,80.325,6.7655,4.49,45.5,2.32,7.3965,nW/cm2/sr,144,15 arc-seconds (~500m),0.05 deg analytical grid,VIIRS DNB Monthly Cloud-Free Composite v10_ops (NOAA/EOG/World Bank),DNB_npp_20230401-20230430_global_ecm-slcorr_v10_ops,CALCULATED
1,CHE_G001,2024-04-01,2024-04-01/2024-04-30,12.925,80.175,26.7635,26.93,45.53,9.34,7.8406,nW/cm2/sr,144,15 arc-seconds (~500m),0.05 deg analytical grid,VIIRS DNB Monthly Cloud-Free Composite v10_ops (NOAA/EOG/World Bank),DNB_npp_20240401-20240430_global_ecm-slcorr_v10_ops,CALCULATED
2,CHE_G002,2024-04-01,2024-04-01/2024-04-30,12.925,80.225,28.7664,27.415,65.89,9.05,12.0429,nW/cm2/sr,144,15 arc-seconds (~500m),0.05 deg analytical grid,VIIRS DNB Monthly Cloud-Free Composite v10_ops (NOAA/EOG/World Bank),DNB_npp_20240401-20240430_global_ecm-slcorr_v10_ops,CALCULATED
3,CHE_G003,2024-04-01,2024-04-01/2024-04-30,12.925,80.275,8.2234,3.575,36.45,1.81,9.0089,nW/cm2/sr,144,15 arc-seconds (~500m),0.05 deg analytical grid,VIIRS DNB Monthly Cloud-Free Composite v10_ops (NOAA/EOG/World Bank),DNB_npp_20240401-20240430_global_ecm-slcorr_v10_ops,CALCULATED
4,CHE_G004,2024-04-01,2024-04-01/2024-04-30,12.925,80.325,1.4134,1.365,2.17,1.02,0.2756,nW/cm2/sr,144,15 arc-seconds (~500m),0.05 deg analytical grid,VIIRS DNB Monthly Cloud-Free Composite v10_ops (NOAA/EOG/World Bank),DNB_npp_20240401-20240430_global_ecm-slcorr_v10_ops,CALCULATED
5,CHE_G005,2024-04-01,2024-04-01/2024-04-30,12.975,80.175,34.0416,31.99,106.28,13.23,13.904,nW/cm2/sr,144,15 arc-seconds (~500m),0.05 deg analytical grid,VIIRS DNB Monthly Cloud-Free Composite v10_ops (NOAA/EOG/World Bank),DNB_npp_20240401-20240430_global_ecm-slcorr_v10_ops,CALCULATED
6,CHE_G006,2024-04-01,2024-04-01/2024-04-30,12.975,80.225,30.5745,30.78,92.85,9.44,12.2406,nW/cm2/sr,144,15 arc-seconds (~500m),0.05 deg analytical grid,VIIRS DNB Monthly Cloud-Free Composite v10_ops (NOAA/EOG/World Bank),DNB_npp_20240401-20240430_global_ecm-slcorr_v10_ops,CALCULATED
7,CHE_G007,2024-04-01,2024-04-01/2024-04-30,12.975,80.275,17.0991,7.73,72.49,2.34,16.8628,nW/cm2/sr,144,15 arc-seconds (~500m),0.05 deg analytical grid,VIIRS DNB Monthly Cloud-Free Composite v10_ops (NOAA/EOG/World Bank),DNB_npp_20240401-20240430_global_ecm-slcorr_v10_ops,CALCULATED
8,CHE_G008,2024-04-01,2024-04-01/2024-04-30,12.975,80.325,1.7426,1.685,2.72,1.16,0.3725,nW/cm2/sr,144,15 arc-seconds (~500m),0.05 deg analytical grid,VIIRS DNB Monthly Cloud-Free Composite v10_ops (NOAA/EOG/World Bank),DNB_npp_20240401-20240430_global_ecm-slcorr_v10_ops,CALCULATED
9,CHE_G009,2024-04-01,2024-04-01/2024-04-30,13.025,80.175,35.4391,34.595,77.26,15.34,9.7655,nW/cm2/sr,144,15 arc-seconds (~500m),0.05 deg analytical grid,VIIRS DNB Monthly Cloud-Free Composite v10_ops (NOAA/EOG/World Bank),DNB_npp_20240401-20240430_global_ecm-slcorr_v10_ops,CALCULATED
10,CHE_G010,2024-04-01,2024-04-01/2024-04-30,13.025,80.225,39.7677,39.14,71.53,12.08,10.8953,nW/cm2/sr,144,15 arc-seconds (~500m),0.05 deg analytical grid,VIIRS DNB Monthly Cloud-Free Composite v10_ops (NOAA/EOG/World Bank),DNB_npp_20240401-20240430_global_ecm-slcorr_v10_ops,CALCULATED
11,CHE_G011,2024-04-01,2024-04-01/2024-04-30,13.025,80.275,24.3859,26.905,69.88,2.91,15.8404,nW/cm2/sr,144,15 arc-seconds (~500m),0.05 deg analytical grid,VIIRS DNB Monthly Cloud-Free Composite v10_ops (NOAA/EOG/World Bank),DNB_npp_20240401-20240430_global_ecm-slcorr_v10_ops,CALCULATED
12,CHE_G012,2024-04-01,2024-04-01/2024-04-30,13.025,80.325,2.4522,2.22,5.18,1.5,0.796,nW/cm2/sr,144,15 arc-seconds (~500m),0.05 deg analytical grid,VIIRS DNB Monthly Cloud-Free Composite v10_ops (NOAA/EOG/World Bank),DNB_npp_20240401-20240430_global_ecm-slcorr_v10_ops,CALCULATED
13,CHE_G013,2024-04-01,2024-04-01/2024-04-30,13.075,80.175,40.7878,38.18,88.47,21.01,10.6221,nW/cm2/sr,144,15 arc-seconds (~500m),0.05 deg analytical grid,VIIRS DNB Monthly Cloud-Free Composite v10_ops (NOAA/EOG/World Bank),DNB_npp_20240401-20240430_global_ecm-slcorr_v10_ops,CALCULATED
14,CHE_G014,2024-04-01,2024-04-01/2024-04-30,13.075,80.225,38.0866,36.575,75.04,23.04,9.1195,nW/cm2/sr,144,15 arc-seconds (~500m),0.05 deg analytical grid,VIIRS DNB Monthly Cloud-Free Composite v10_ops (NOAA/EOG/World Bank),DNB_npp_20240401-20240430_global_ecm-slcorr_v10_ops,CALCULATED
15,CHE_G015,2024-04-01,2024-04-01/2024-04-30,13.075,80.275,44.4658,45.785,81.35,6.38,12.5671,nW/cm2/sr,144,15 arc-seconds (~500m),0.05 deg analytical grid,VIIRS DNB Monthly Cloud-Free Composite v10_ops (NOAA/EOG/World Bank),DNB_npp_20240401-20240430_global_ecm-slcorr_v10_ops,CALCULATED
16,CHE_G016,2024-04-01,2024-04-01/2024-04-30,13.075,80.325,6.1097,3.5,44.47,1.92,7.905,nW/cm2/sr,144,15 arc-seconds (~500m),0.05 deg analytical grid,VIIRS DNB Monthly Cloud-Free Composite v10_ops (NOAA/EOG/World Bank),DNB_npp_20240401-20240430_global_ecm-slcorr_v10_ops,CALCULATED
